[
  {
    "id": "charlie_chaplin_film_fest",
    "title": "Charlie Chaplin Festival",
    "genre": "Comedy",
    "synopsis": "Four Chaplin shorts from 1917: The Adventurer, The Cure, Easy Street and The Immigrant, presented with music and sound effects.\n\nYou can find more information regarding this film on <a href=\"http://imdb.com/title/tt0284688/\" rel=\"ugc nofollow\">its IMDb page</a>.",
    "year": "1938",
    "trailerType": "direct",
    "trailerVideoId": "https://archive.org/download/charlie_chaplin_film_fest/charlie_chaplin_film_fest_512kb.mp4",
    "trailerDurationSeconds": 4646,
    "fullContentType": "direct",
    "fullContentVideoId": "https://archive.org/download/charlie_chaplin_film_fest/charlie_chaplin_film_fest_512kb.mp4",
    "fullContentDurationSeconds": 4646,
    "thumbnailUrl": "https://archive.org/services/img/charlie_chaplin_film_fest",
    "likes": 0,
    "shares": 0,
    "reviews": 0,
    "averageRating": 0,
    "archiveId": "charlie_chaplin_film_fest",
    "fileSize": 337713518,
    "resolution": "320x240"
  },
  {
    "id": "his_girl_friday",
    "title": "His Girl Friday",
    "genre": "Comedy",
    "synopsis": "Hilarious romantic comedy starring Cary Grant and Rosalind Russell.  Russell is rough and tumble reporter looking to get out of the news racket by marrying and becoming a house wife after her divorce from newspaper publisher Grant.  Just when she is about to leave town with her husband-to-be the sti",
    "year": "1940",
    "trailerType": "direct",
    "trailerVideoId": "https://archive.org/download/his_girl_friday/his_girl_friday_512kb.mp4",
    "trailerDurationSeconds": 5504,
    "fullContentType": "direct",
    "fullContentVideoId": "https://archive.org/download/his_girl_friday/his_girl_friday_512kb.mp4",
    "fullContentDurationSeconds": 5504,
    "thumbnailUrl": "https://archive.org/services/img/his_girl_friday",
    "likes": 0,
    "shares": 0,
    "reviews": 0,
    "averageRating": 0,
    "archiveId": "his_girl_friday",
    "fileSize": 401207987,
    "resolution": "320x240"
  },
  {
    "id": "3stooges",
    "title": "Three Stooges Episodes",
    "genre": "Comedy",
    "synopsis": "4 Episodes Of The 3 Stooges.\nDownloads include:\nDisorder In The Court\nBrideless Groom\nSing A Song Of Six Pants\nMalice In The Palace",
    "year": "Unknown",
    "trailerType": "direct",
    "trailerVideoId": "https://archive.org/download/3stooges/3stooges_NewApants2_512kb.mp4",
    "trailerDurationSeconds": 1014,
    "fullContentType": "direct",
    "fullContentVideoId": "https://archive.org/download/3stooges/3stooges_NewApants2_512kb.mp4",
    "fullContentDurationSeconds": 1014,
    "thumbnailUrl": "https://archive.org/services/img/3stooges",
    "likes": 0,
    "shares": 0,
    "reviews": 0,
    "averageRating": 0,
    "archiveId": "3stooges",
    "fileSize": 69979507,
    "resolution": "320x240"
  },
  {
    "id": "utopia",
    "title": "Utopia",
    "genre": "Comedy",
    "synopsis": "Utopia (also known as Atoll K and Robinson Crusoe Land) is last film Laurel and Hardy made together. It was filmed and produced in Europe.",
    "year": "1951",
    "trailerType": "direct",
    "trailerVideoId": "https://archive.org/download/utopia/Utopia_512kb.mp4",
    "trailerDurationSeconds": 8519,
    "fullContentType": "direct",
    "fullContentVideoId": "https://archive.org/download/utopia/Utopia_512kb.mp4",
    "fullContentDurationSeconds": 8519,
    "thumbnailUrl": "https://archive.org/services/img/utopia",
    "likes": 0,
    "shares": 0,
    "reviews": 0,
    "averageRating": 0,
    "archiveId": "utopia",
    "fileSize": 591110781,
    "resolution": "320x240"
  },
  {
    "id": "Mclintock.avi",
    "title": "Mclintock",
    "genre": "Comedy",
    "synopsis": "This great comedy western stars John Wayne,Maureen O'Hara,Patrick Wayne, Stefanie Powers,Chill Wills, and Strother Marten. There is a hilarious mudhole\nfight scene at the end.",
    "year": "1963",
    "trailerType": "direct",
    "trailerVideoId": "https://archive.org/download/Mclintock.avi/Mclintock_512kb.mp4",
    "trailerDurationSeconds": 7595,
    "fullContentType": "direct",
    "fullContentVideoId": "https://archive.org/download/Mclintock.avi/Mclintock_512kb.mp4",
    "fullContentDurationSeconds": 7595,
    "thumbnailUrl": "https://archive.org/services/img/Mclintock.avi",
    "likes": 0,
    "shares": 0,
    "reviews": 0,
    "averageRating": 0,
    "archiveId": "Mclintock.avi",
    "fileSize": 551401262,
    "resolution": "325x240"
  },
  {
    "id": "my_favorite_brunette",
    "title": "My Favorite Brunette",
    "genre": "Comedy",
    "synopsis": "Bob Hope comedy with Dorothy Lamour. | \nYou can find more information regarding this film on <a href=\"http://imdb.com/title/tt0039645/\" rel=\"ugc nofollow\">its IMDb page</a>.",
    "year": "1947",
    "trailerType": "direct",
    "trailerVideoId": "https://archive.org/download/my_favorite_brunette/my_favorite_brunette_512kb.mp4",
    "trailerDurationSeconds": 5212,
    "fullContentType": "direct",
    "fullContentVideoId": "https://archive.org/download/my_favorite_brunette/my_favorite_brunette_512kb.mp4",
    "fullContentDurationSeconds": 5212,
    "thumbnailUrl": "https://archive.org/services/img/my_favorite_brunette",
    "likes": 0,
    "shares": 0,
    "reviews": 0,
    "averageRating": 0,
    "archiveId": "my_favorite_brunette",
    "fileSize": 378700906,
    "resolution": "320x240"
  },
  {
    "id": "DeadManDrinking",
    "title": "Dead Man Drinking",
    "genre": "Comedy",
    "synopsis": "Dead Man Drinking is a full-length independent feature-film released for free under a creative commons 3.0 license.\n\nA discussion by friends with long-winded histories and a love of drinking results in four of them running off to house-sit for a long weekend while playing Killer, a schoolyard game w",
    "year": "2008",
    "trailerType": "direct",
    "trailerVideoId": "https://archive.org/download/DeadManDrinking/DeadManDrinking_512kb.mp4",
    "trailerDurationSeconds": 5306,
    "fullContentType": "direct",
    "fullContentVideoId": "https://archive.org/download/DeadManDrinking/DeadManDrinking_512kb.mp4",
    "fullContentDurationSeconds": 5306,
    "thumbnailUrl": "https://archive.org/services/img/DeadManDrinking",
    "likes": 0,
    "shares": 0,
    "reviews": 0,
    "averageRating": 0,
    "archiveId": "DeadManDrinking",
    "fileSize": 378149925,
    "resolution": "568x240"
  },
  {
    "id": "texmontana",
    "title": "Tex Montana Will Survive!",
    "genre": "Comedy",
    "synopsis": "<div>Tex Montana Will Survive!</div><div>2016 - feature film - comedy/mockumentary - 84 minutes</div><div><br /></div><div>When his reputation as the most famous and trusted TV survival host in the world is tarnished following allegations that his show is staged, Tex Montana attempts to clear his na",
    "year": "2016-03-11",
    "trailerType": "direct",
    "trailerVideoId": "https://archive.org/download/texmontana/Tex%20Montana%20Will%20Survive!%201080p%20High%20Quality.mp4",
    "trailerDurationSeconds": 5019,
    "fullContentType": "direct",
    "fullContentVideoId": "https://archive.org/download/texmontana/Tex%20Montana%20Will%20Survive!%201080p%20High%20Quality.mp4",
    "fullContentDurationSeconds": 5019,
    "thumbnailUrl": "https://archive.org/services/img/texmontana",
    "likes": 0,
    "shares": 0,
    "reviews": 0,
    "averageRating": 0,
    "archiveId": "texmontana",
    "fileSize": 523422989,
    "resolution": "640x360"
  },
  {
    "id": "house_on_haunted_hill_ipod",
    "title": "House on Haunted Hill",
    "genre": "Horror",
    "synopsis": "Frederick Loren has invited five strangers to a party of a lifetime. He is offering each of them $10,000 if they can stay the night in a house.",
    "year": "1959",
    "trailerType": "direct",
    "trailerVideoId": "https://archive.org/download/house_on_haunted_hill_ipod/house_on_haunted_hill_512kb.mp4",
    "trailerDurationSeconds": 4483,
    "fullContentType": "direct",
    "fullContentVideoId": "https://archive.org/download/house_on_haunted_hill_ipod/house_on_haunted_hill_512kb.mp4",
    "fullContentDurationSeconds": 4483,
    "thumbnailUrl": "https://archive.org/services/img/house_on_haunted_hill_ipod",
    "likes": 0,
    "shares": 0,
    "reviews": 0,
    "averageRating": 0,
    "archiveId": "house_on_haunted_hill_ipod",
    "fileSize": 317341899,
    "resolution": "320x240"
  },
  {
    "id": "carnival_of_souls",
    "title": "Carnival of Souls ( iPod Video Version )",
    "genre": "Horror",
    "synopsis": "During a drag race, Mary Henry and her two friends are forced off of a bridge. Their car sinks into the depths of a river. Mary emerges unharmed from the river, the sole survivor of the crash.  She begins a new life as a church organist.  Mary suddenly finds herself haunted by a ghostly figure that ",
    "year": "Unknown",
    "trailerType": "direct",
    "trailerVideoId": "https://archive.org/download/carnival_of_souls/carnival_of_souls_512kb.mp4",
    "trailerDurationSeconds": 4979,
    "fullContentType": "direct",
    "fullContentVideoId": "https://archive.org/download/carnival_of_souls/carnival_of_souls_512kb.mp4",
    "fullContentDurationSeconds": 4979,
    "thumbnailUrl": "https://archive.org/services/img/carnival_of_souls",
    "likes": 0,
    "shares": 0,
    "reviews": 0,
    "averageRating": 0,
    "archiveId": "carnival_of_souls",
    "fileSize": 361353832,
    "resolution": "320x240"
  },
  {
    "id": "BloodyPitOfHorror",
    "title": "Bloody Pit of Horror",
    "genre": "Horror",
    "synopsis": "A group of models and cameramen go to a castle to shoot covers for horror novels where they're captured and tortured by the castle's owner, the Crimson Executioner.\nFind out more about this film on <a href=\"http://www.imdb.com/title/tt0058983/\" rel=\"nofollow\">it's IMDB page</a>.",
    "year": "1965",
    "trailerType": "direct",
    "trailerVideoId": "https://archive.org/download/BloodyPitOfHorror/BloodyPitOfHorror.mp4",
    "trailerDurationSeconds": 4943,
    "fullContentType": "direct",
    "fullContentVideoId": "https://archive.org/download/BloodyPitOfHorror/BloodyPitOfHorror.mp4",
    "fullContentDurationSeconds": 4943,
    "thumbnailUrl": "https://archive.org/services/img/BloodyPitOfHorror",
    "likes": 0,
    "shares": 0,
    "reviews": 0,
    "averageRating": 0,
    "archiveId": "BloodyPitOfHorror",
    "fileSize": 515381078,
    "resolution": "640x480"
  },
  {
    "id": "white_zombie",
    "title": "White Zombie",
    "genre": "Horror",
    "synopsis": "You can find more information regarding this film on <a href=\"http://www.imdb.com/title/tt0023694/\" rel=\"nofollow\">its IMDb page</a>.",
    "year": "1932",
    "trailerType": "direct",
    "trailerVideoId": "https://archive.org/download/white_zombie/white_zombie_512kb.mp4",
    "trailerDurationSeconds": 3919,
    "fullContentType": "direct",
    "fullContentVideoId": "https://archive.org/download/white_zombie/white_zombie_512kb.mp4",
    "fullContentDurationSeconds": 3919,
    "thumbnailUrl": "https://archive.org/services/img/white_zombie",
    "likes": 0,
    "shares": 0,
    "reviews": 0,
    "averageRating": 0,
    "archiveId": "white_zombie",
    "fileSize": 285317204,
    "resolution": "313x240"
  },
  {
    "id": "InvasionOfTheBeeGirls",
    "title": "Invasion of the Bee girls",
    "genre": "Horror",
    "synopsis": "This one's about strange women who love their men to death, literally! Maybe the fact that there's a research facility doing top secret experiments might have something to do with the suspicious deaths.",
    "year": "Unknown",
    "trailerType": "direct",
    "trailerVideoId": "https://archive.org/download/InvasionOfTheBeeGirls/InvasionOfTheBeeGirls_512kb.mp4",
    "trailerDurationSeconds": 5188,
    "fullContentType": "direct",
    "fullContentVideoId": "https://archive.org/download/InvasionOfTheBeeGirls/InvasionOfTheBeeGirls_512kb.mp4",
    "fullContentDurationSeconds": 5188,
    "thumbnailUrl": "https://archive.org/services/img/InvasionOfTheBeeGirls",
    "likes": 0,
    "shares": 0,
    "reviews": 0,
    "averageRating": 0,
    "archiveId": "InvasionOfTheBeeGirls",
    "fileSize": 376928283,
    "resolution": "327x240"
  },
  {
    "id": "Horror_Express",
    "title": "Horror Express",
    "genre": "Horror",
    "synopsis": "<table width=\"95%\" align=\"center\" cellpadding=\"12\"><tr bgcolor=\"#DDDDDD\"><td>\n<font size=\"+1\">In 1906, on a train racing through Siberia, Christopher Lee and Peter Cushing are engulfed in nightmare when a frozen missing link comes to life.\n</font>\n</td>\n</tr></table>\nYou can load the mpeg2 file into",
    "year": "1973",
    "trailerType": "direct",
    "trailerVideoId": "https://archive.org/download/Horror_Express/Horror_Express_512kb.mp4",
    "trailerDurationSeconds": 5223,
    "fullContentType": "direct",
    "fullContentVideoId": "https://archive.org/download/Horror_Express/Horror_Express_512kb.mp4",
    "fullContentDurationSeconds": 5223,
    "thumbnailUrl": "https://archive.org/services/img/Horror_Express",
    "likes": 0,
    "shares": 0,
    "reviews": 0,
    "averageRating": 0,
    "archiveId": "Horror_Express",
    "fileSize": 373767764,
    "resolution": "320x240"
  },
  {
    "id": "Night.Of.The.Living.Dead_1080p",
    "title": "Night of the Living Dead",
    "genre": "Horror",
    "synopsis": "This is the full 1080p Blu-Ray rip (m2ts) of \"Night of the Living Dead\" (<a href=\"http://www.imdb.com/title/tt0063350/\" rel=\"ugc nofollow\">IMDB</a>) as well as other versions derived from it.  The mkv's each have the DTS and AC3 soundtracks with the chapters info included.\n\nPlease enjoy and let me k",
    "year": "1968",
    "trailerType": "direct",
    "trailerVideoId": "https://archive.org/download/Night.Of.The.Living.Dead_1080p/NightOfTheLivingDead_1080p_512kb.mp4",
    "trailerDurationSeconds": 5752,
    "fullContentType": "direct",
    "fullContentVideoId": "https://archive.org/download/Night.Of.The.Living.Dead_1080p/NightOfTheLivingDead_1080p_512kb.mp4",
    "fullContentDurationSeconds": 5752,
    "thumbnailUrl": "https://archive.org/services/img/Night.Of.The.Living.Dead_1080p",
    "likes": 0,
    "shares": 0,
    "reviews": 0,
    "averageRating": 0,
    "archiveId": "Night.Of.The.Living.Dead_1080p",
    "fileSize": 406935466,
    "resolution": "320x240"
  },
  {
    "id": "Decay2012-TheLhcZombieFilmfullFilm",
    "title": "Decay (2012) - The LHC Zombie Film [full film]",
    "genre": "Horror",
    "synopsis": "Decay is a 75 minute zombie movie shot and set at the Large Hadron Collider, CERN, by physics PhD students. <a href=\"http://www.DecayFilm.com\" rel=\"ugc nofollow\">DecayFilm.com</a> CC-BY-NC\n\nTrapped underground at the world's largest particle accelerator, a group of students make a deadly discovery.\n",
    "year": "2012",
    "trailerType": "direct",
    "trailerVideoId": "https://archive.org/download/Decay2012-TheLhcZombieFilmfullFilm/Decay_2012_Low.mp4",
    "trailerDurationSeconds": 4566,
    "fullContentType": "direct",
    "fullContentVideoId": "https://archive.org/download/Decay2012-TheLhcZombieFilmfullFilm/Decay_2012_Low.mp4",
    "fullContentDurationSeconds": 4566,
    "thumbnailUrl": "https://archive.org/services/img/Decay2012-TheLhcZombieFilmfullFilm",
    "likes": 0,
    "shares": 0,
    "reviews": 0,
    "averageRating": 0,
    "archiveId": "Decay2012-TheLhcZombieFilmfullFilm",
    "fileSize": 1033413462,
    "resolution": "1280x640"
  },
  {
    "id": "marble-hornets-complete-series",
    "title": "Marble Hornets - Complete Series",
    "genre": "Horror",
    "synopsis": "Marble Hornets was a popular YouTube horror webseries that went from June 20, 2009 to June 20, 2014, created by Troy Wagner, Joseph DeLage, and Tim Sutton. It was the first series to show the popular Internet character Slender Man (created by Eric Knudsen) in video format. Slender Man (Known as just",
    "year": "2009",
    "trailerType": "direct",
    "trailerVideoId": "https://archive.org/download/marble-hornets-complete-series/Marble%20Hornets%20Credits.ia.mp4",
    "trailerDurationSeconds": 246,
    "fullContentType": "direct",
    "fullContentVideoId": "https://archive.org/download/marble-hornets-complete-series/Marble%20Hornets%20Credits.ia.mp4",
    "fullContentDurationSeconds": 246,
    "thumbnailUrl": "https://archive.org/services/img/marble-hornets-complete-series",
    "likes": 0,
    "shares": 0,
    "reviews": 0,
    "averageRating": 0,
    "archiveId": "marble-hornets-complete-series",
    "fileSize": 41421249,
    "resolution": "1920x1080"
  },
  {
    "id": "hunters-2016",
    "title": "Hunters (2016)",
    "genre": "Horror",
    "synopsis": "<div dir=\"ltr\" style=\"font-family:'Helvetica Neue', Helvetica, Arial, sans-serif;font-size:16px;color:rgb(15,20,25);\"><div dir=\"ltr\"><i>Hunters</i> is a 2016 found footage horror splatter film directed by Adam Ahlbrandt.  The film revolves around a group of amateur filmmakers in 1987 who set out to ",
    "year": "2016",
    "trailerType": "direct",
    "trailerVideoId": "https://archive.org/download/hunters-2016/Hunters%202016%20WEBDL%201080P.mp4",
    "trailerDurationSeconds": 5787,
    "fullContentType": "direct",
    "fullContentVideoId": "https://archive.org/download/hunters-2016/Hunters%202016%20WEBDL%201080P.mp4",
    "fullContentDurationSeconds": 5787,
    "thumbnailUrl": "https://archive.org/services/img/hunters-2016",
    "likes": 0,
    "shares": 0,
    "reviews": 0,
    "averageRating": 0,
    "archiveId": "hunters-2016",
    "fileSize": 572440028,
    "resolution": "854x480"
  },
  {
    "id": "s-man-2006-dvd-rip-vose-desmiembros.blogspot.com",
    "title": "S&Man (2006)",
    "genre": "Horror",
    "synopsis": "<p style=\"margin:0.5em 0px;color:rgb(32,33,34);font-family:sans-serif;font-size:14px;background-color:rgb(255,255,255);\">Part genuine documentary and part fictional horror piece, S&Man blurs the line between horror and snuff by interviewing horror filmmakers and exberts about underground horror film",
    "year": "2006",
    "trailerType": "direct",
    "trailerVideoId": "https://archive.org/download/s-man-2006-dvd-rip-vose-desmiembros.blogspot.com/S%26Man_2006_DvdRip_Vose(Desmiembros.blogspot.com).mp4",
    "trailerDurationSeconds": 5075,
    "fullContentType": "direct",
    "fullContentVideoId": "https://archive.org/download/s-man-2006-dvd-rip-vose-desmiembros.blogspot.com/S%26Man_2006_DvdRip_Vose(Desmiembros.blogspot.com).mp4",
    "fullContentDurationSeconds": 5075,
    "thumbnailUrl": "https://archive.org/services/img/s-man-2006-dvd-rip-vose-desmiembros.blogspot.com",
    "likes": 0,
    "shares": 0,
    "reviews": 0,
    "averageRating": 0,
    "archiveId": "s-man-2006-dvd-rip-vose-desmiembros.blogspot.com",
    "fileSize": 504055491,
    "resolution": "852x480"
  },
  {
    "id": "nightwing.-1979.1080p.-blu-ray.-h-264.-aac-rarbg",
    "title": "Nightwing (1979)",
    "genre": "Horror",
    "synopsis": "Nightwing is a 1979 American horror film directed by the Canadian filmmaker Arthur Hiller. The screenplay was written by Martin Cruz Smith, Steve Shagan and Bud Shrake, based on the 1977 novel of the same title by Smith. The movie's tagline is \"Day belongs to man, but night is theirs!\" It was one of",
    "year": "2024-09-28",
    "trailerType": "direct",
    "trailerVideoId": "https://archive.org/download/nightwing.-1979.1080p.-blu-ray.-h-264.-aac-rarbg/Nightwing.1979.1080p.BluRay.H264.AAC-RARBG.ia.mp4",
    "trailerDurationSeconds": 6326,
    "fullContentType": "direct",
    "fullContentVideoId": "https://archive.org/download/nightwing.-1979.1080p.-blu-ray.-h-264.-aac-rarbg/Nightwing.1979.1080p.BluRay.H264.AAC-RARBG.ia.mp4",
    "fullContentDurationSeconds": 6326,
    "thumbnailUrl": "https://archive.org/services/img/nightwing.-1979.1080p.-blu-ray.-h-264.-aac-rarbg",
    "likes": 0,
    "shares": 0,
    "reviews": 0,
    "averageRating": 0,
    "archiveId": "nightwing.-1979.1080p.-blu-ray.-h-264.-aac-rarbg",
    "fileSize": 2158955400,
    "resolution": "1920x1036"
  },
  {
    "id": "VoyagetothePlanetofPrehistoricWomen",
    "title": "Voyage to the Planet of Prehistoric Women",
    "genre": "Sci-Fi",
    "synopsis": "A team of astronauts crashes on the surface of Venus. Accompanied by their robot, they explore the surface and end up destroying the Venusian God. This film is also known as \"The Gill Women\" and \"The Gill Women of Venus\". \n\nThis film began life as a Soviet-produced work. An American producer then ad",
    "year": "1967",
    "trailerType": "direct",
    "trailerVideoId": "https://archive.org/download/VoyagetothePlanetofPrehistoricWomen/VoyagetothePlanetofPrehistoricWomen_512kb.mp4",
    "trailerDurationSeconds": 4775,
    "fullContentType": "direct",
    "fullContentVideoId": "https://archive.org/download/VoyagetothePlanetofPrehistoricWomen/VoyagetothePlanetofPrehistoricWomen_512kb.mp4",
    "fullContentDurationSeconds": 4775,
    "thumbnailUrl": "https://archive.org/services/img/VoyagetothePlanetofPrehistoricWomen",
    "likes": 0,
    "shares": 0,
    "reviews": 0,
    "averageRating": 0,
    "archiveId": "VoyagetothePlanetofPrehistoricWomen",
    "fileSize": 347001407,
    "resolution": "320x240"
  },
  {
    "id": "ElephantsDream",
    "title": "Elephants Dream",
    "genre": "Sci-Fi",
    "synopsis": "From <a href=\"http://elephantsdream.org/\" rel=\"ugc nofollow\">the official website</a>:\n\n\"Elephants Dream is the story of two strange characters exploring a capricious and seemingly infinite machine. The elder, Proog, acts as a tour-guide and protector, happily showing off the sights and dangers of t",
    "year": "2006",
    "trailerType": "direct",
    "trailerVideoId": "https://archive.org/download/ElephantsDream/ed_1024_512kb.mp4",
    "trailerDurationSeconds": 653,
    "fullContentType": "direct",
    "fullContentVideoId": "https://archive.org/download/ElephantsDream/ed_1024_512kb.mp4",
    "fullContentDurationSeconds": 653,
    "thumbnailUrl": "https://archive.org/services/img/ElephantsDream",
    "likes": 0,
    "shares": 0,
    "reviews": 0,
    "averageRating": 0,
    "archiveId": "ElephantsDream",
    "fileSize": 47065346,
    "resolution": "426x240"
  },
  {
    "id": "Sintel",
    "title": "Sintel",
    "genre": "Sci-Fi",
    "synopsis": "Sintel is an open movie from the Blender Foundation licensed under the Creative Commons Attribution 3.0 license.",
    "year": "2010",
    "trailerType": "direct",
    "trailerVideoId": "https://archive.org/download/Sintel/sintel-2048-stereo_512kb.mp4",
    "trailerDurationSeconds": 888,
    "fullContentType": "direct",
    "fullContentVideoId": "https://archive.org/download/Sintel/sintel-2048-stereo_512kb.mp4",
    "fullContentDurationSeconds": 888,
    "thumbnailUrl": "https://archive.org/services/img/Sintel",
    "likes": 0,
    "shares": 0,
    "reviews": 0,
    "averageRating": 0,
    "archiveId": "Sintel",
    "fileSize": 77410288,
    "resolution": "564x240"
  },
  {
    "id": "Killers_from_space",
    "title": "Killers From Space",
    "genre": "Sci-Fi",
    "synopsis": "Attack by monsters from another planet!\n\n<a href=\"http://imdb.com/title/tt0047149/\" rel=\"ugc nofollow\">IMDB page</a>",
    "year": "1954",
    "trailerType": "direct",
    "trailerVideoId": "https://archive.org/download/Killers_from_space/Killers_from_space_512kb.mp4",
    "trailerDurationSeconds": 4254,
    "fullContentType": "direct",
    "fullContentVideoId": "https://archive.org/download/Killers_from_space/Killers_from_space_512kb.mp4",
    "fullContentDurationSeconds": 4254,
    "thumbnailUrl": "https://archive.org/services/img/Killers_from_space",
    "likes": 0,
    "shares": 0,
    "reviews": 0,
    "averageRating": 0,
    "archiveId": "Killers_from_space",
    "fileSize": 309212374,
    "resolution": "320x240"
  },
  {
    "id": "StarOdysseyitalianStarWars1979",
    "title": "Star Odyssey (Italian Star Wars) 1979",
    "genre": "Sci-Fi",
    "synopsis": "Third in a series of Italian science fiction films clearly inspired by Star Wars.\nThis entry features a couple of comical robots. Three other films in the series are #1 War of the Planets (aka Cosmos 1977), #2 War of the Robots (1978) and #4 Beast in Space (1980). The series is most famous for its g",
    "year": "Unknown",
    "trailerType": "direct",
    "trailerVideoId": "https://archive.org/download/StarOdysseyitalianStarWars1979/STAR_ODYSSEY_1979-desktop_512kb.mp4",
    "trailerDurationSeconds": 5282,
    "fullContentType": "direct",
    "fullContentVideoId": "https://archive.org/download/StarOdysseyitalianStarWars1979/STAR_ODYSSEY_1979-desktop_512kb.mp4",
    "fullContentDurationSeconds": 5282,
    "thumbnailUrl": "https://archive.org/services/img/StarOdysseyitalianStarWars1979",
    "likes": 0,
    "shares": 0,
    "reviews": 0,
    "averageRating": 0,
    "archiveId": "StarOdysseyitalianStarWars1979",
    "fileSize": 423346009,
    "resolution": "320x240"
  },
  {
    "id": "The_Wasp_Women",
    "title": "The Wasp Woman",
    "genre": "Sci-Fi",
    "synopsis": "A beautiful woman by day - a lusting queen wasp by night.\n\nYou can find more information regarding this film on <a href=\"http://www.imdb.com/title/tt0054462/\" rel=\"ugc nofollow\">its IMDb page</a>.",
    "year": "1960",
    "trailerType": "direct",
    "trailerVideoId": "https://archive.org/download/The_Wasp_Women/The_Wasp_Women_512kb.mp4",
    "trailerDurationSeconds": 4352,
    "fullContentType": "direct",
    "fullContentVideoId": "https://archive.org/download/The_Wasp_Women/The_Wasp_Women_512kb.mp4",
    "fullContentDurationSeconds": 4352,
    "thumbnailUrl": "https://archive.org/services/img/The_Wasp_Women",
    "likes": 0,
    "shares": 0,
    "reviews": 0,
    "averageRating": 0,
    "archiveId": "The_Wasp_Women",
    "fileSize": 316301203,
    "resolution": "320x240"
  },
  {
    "id": "TheFastandtheFuriousJohnIreland1954goofyrip",
    "title": "The Fast And The Furious",
    "genre": "Action",
    "synopsis": "http://imdb.com/title/tt0046969/\nA man wrongly imprisoned for murder (John Ireland) breaks out of jail. He wants to clear his name, but with the police pursuing him, he's forced to take a beautiful young woman, driving a fast sports car, hostage and slip into a cross-border sports car race to try to",
    "year": "1955",
    "trailerType": "direct",
    "trailerVideoId": "https://archive.org/download/TheFastandtheFuriousJohnIreland1954goofyrip/TheFastandtheFuriousJohnIreland1954goofyrip_512kb.mp4",
    "trailerDurationSeconds": 4356,
    "fullContentType": "direct",
    "fullContentVideoId": "https://archive.org/download/TheFastandtheFuriousJohnIreland1954goofyrip/TheFastandtheFuriousJohnIreland1954goofyrip_512kb.mp4",
    "fullContentDurationSeconds": 4356,
    "thumbnailUrl": "https://archive.org/services/img/TheFastandtheFuriousJohnIreland1954goofyrip",
    "likes": 0,
    "shares": 0,
    "reviews": 0,
    "averageRating": 0,
    "archiveId": "TheFastandtheFuriousJohnIreland1954goofyrip",
    "fileSize": 315869226,
    "resolution": "320x240"
  },
  {
    "id": "Return_of_the_Kung_Fu_Dragon",
    "title": "Return of the Kung Fu Dragon",
    "genre": "Action",
    "synopsis": "The complicated story involves the military conquest of a peaceful island-nation by an evil despot and his sorcerer ally. His victory leaves the island's three heroic protectors dead, but, their young children are hidden away to grow to adulthood with different identities, unaware of their heritage,",
    "year": "1976",
    "trailerType": "direct",
    "trailerVideoId": "https://archive.org/download/Return_of_the_Kung_Fu_Dragon/Return_of_the_Kung_Fu_Dragon_512kb.mp4",
    "trailerDurationSeconds": 4966,
    "fullContentType": "direct",
    "fullContentVideoId": "https://archive.org/download/Return_of_the_Kung_Fu_Dragon/Return_of_the_Kung_Fu_Dragon_512kb.mp4",
    "fullContentDurationSeconds": 4966,
    "thumbnailUrl": "https://archive.org/services/img/Return_of_the_Kung_Fu_Dragon",
    "likes": 0,
    "shares": 0,
    "reviews": 0,
    "averageRating": 0,
    "archiveId": "Return_of_the_Kung_Fu_Dragon",
    "fileSize": 358383122,
    "resolution": "320x240"
  },
  {
    "id": "JungleBook",
    "title": "Jungle Book",
    "genre": "Adventure",
    "synopsis": "Teenaged Mowgli, who was raised by wolves, appears in a village in India and is adopted by Messua. Mowgli learns human language and some human ways quickly, though keeping jungle ideas. \nInfluential Merchant Buldeo is bigoted against 'beasts' including Mowgli; not so Buldeo's pretty daughter, whom M",
    "year": "1942",
    "trailerType": "direct",
    "trailerVideoId": "https://archive.org/download/JungleBook/Jungle_Book_512kb.mp4",
    "trailerDurationSeconds": 6294,
    "fullContentType": "direct",
    "fullContentVideoId": "https://archive.org/download/JungleBook/Jungle_Book_512kb.mp4",
    "fullContentDurationSeconds": 6294,
    "thumbnailUrl": "https://archive.org/services/img/JungleBook",
    "likes": 0,
    "shares": 0,
    "reviews": 0,
    "averageRating": 0,
    "archiveId": "JungleBook",
    "fileSize": 456871344,
    "resolution": "320x240"
  },
  {
    "id": "tarzans_revenge",
    "title": "Tarzan's Revenge",
    "genre": "Adventure",
    "synopsis": "You can find more information regarding this film on <a href=\"http://www.imdb.com/title/tt0030833/\" rel=\"nofollow\">its IMDb page</a>.",
    "year": "1938",
    "trailerType": "direct",
    "trailerVideoId": "https://archive.org/download/tarzans_revenge/tarzans_revenge_512kb.mp4",
    "trailerDurationSeconds": 4201,
    "fullContentType": "direct",
    "fullContentVideoId": "https://archive.org/download/tarzans_revenge/tarzans_revenge_512kb.mp4",
    "fullContentDurationSeconds": 4201,
    "thumbnailUrl": "https://archive.org/services/img/tarzans_revenge",
    "likes": 0,
    "shares": 0,
    "reviews": 0,
    "averageRating": 0,
    "archiveId": "tarzans_revenge",
    "fileSize": 305573424,
    "resolution": "313x240"
  },
  {
    "id": "lost_world",
    "title": "The Lost World",
    "genre": "Adventure",
    "synopsis": "The first film adaptation of Sir Arthur Conan Doyle's classic novel about a land where prehistoric creatures still roam.You can find more information regarding this film on <a href=\"http://www.imdb.com/title/tt0016039/\" rel=\"nofollow\">its IMDb page</a>.",
    "year": "1925",
    "trailerType": "direct",
    "trailerVideoId": "https://archive.org/download/lost_world/lost_world_512kb.mp4",
    "trailerDurationSeconds": 4085,
    "fullContentType": "direct",
    "fullContentVideoId": "https://archive.org/download/lost_world/lost_world_512kb.mp4",
    "fullContentDurationSeconds": 4085,
    "thumbnailUrl": "https://archive.org/services/img/lost_world",
    "likes": 0,
    "shares": 0,
    "reviews": 0,
    "averageRating": 0,
    "archiveId": "lost_world",
    "fileSize": 296892995,
    "resolution": "320x240"
  },
  {
    "id": "tarzan_and_the_green_goddess",
    "title": "Tarzan and the Green Goddess",
    "genre": "Adventure",
    "synopsis": "You can find more information regarding this film on <a href=\"http://www.imdb.com/title/tt0030832/\" rel=\"nofollow\">its IMDb page</a>.\n\n\n\n",
    "year": "1938",
    "trailerType": "direct",
    "trailerVideoId": "https://archive.org/download/tarzan_and_the_green_goddess/tarzan_and_the_green_goddess_512kb.mp4",
    "trailerDurationSeconds": 4045,
    "fullContentType": "direct",
    "fullContentVideoId": "https://archive.org/download/tarzan_and_the_green_goddess/tarzan_and_the_green_goddess_512kb.mp4",
    "fullContentDurationSeconds": 4045,
    "thumbnailUrl": "https://archive.org/services/img/tarzan_and_the_green_goddess",
    "likes": 0,
    "shares": 0,
    "reviews": 0,
    "averageRating": 0,
    "archiveId": "tarzan_and_the_green_goddess",
    "fileSize": 294357399,
    "resolution": "313x240"
  },
  {
    "id": "Snowblind-film__2010",
    "title": "Snowblind-film__2010",
    "genre": "Action",
    "synopsis": "Snowy post-apocalyptic spaghetti western independent feature film.\n\nReleased for free sharing under a Creative Commons Attribution No Derivatives licence ( CC by-nd )\n\n\nProduced by  mangofilm.de  2010.\n\n\n\n------------------\nOriginally hosted at vodo.net",
    "year": "2010",
    "trailerType": "direct",
    "trailerVideoId": "https://archive.org/download/Snowblind-film__2010/Snowblind.2010.Xvid-VODO.mp4",
    "trailerDurationSeconds": 5563,
    "fullContentType": "direct",
    "fullContentVideoId": "https://archive.org/download/Snowblind-film__2010/Snowblind.2010.Xvid-VODO.mp4",
    "fullContentDurationSeconds": 5563,
    "thumbnailUrl": "https://archive.org/services/img/Snowblind-film__2010",
    "likes": 0,
    "shares": 0,
    "reviews": 0,
    "averageRating": 0,
    "archiveId": "Snowblind-film__2010",
    "fileSize": 577678924,
    "resolution": "720x360"
  },
  {
    "id": "code-name-jenny",
    "title": "Deckname Jenny / Code name Jenny",
    "genre": "Action",
    "synopsis": "<b>Languages</b><br /><ul><li>Deutsch unten<br />\n</li><li>English below</li><li>Español abajo</li><li>Français en bas</li><li>Ελληνικά\nπαρακάτω <br /></li><li>Pусский язык\nниже</li></ul><div><br /></div><div><b>Deutsch</b></div><div>„Deckname Jenny“ ist ein hochaktueller, politischer Spielfilm. Wir",
    "year": "2018",
    "trailerType": "direct",
    "trailerVideoId": "https://archive.org/download/code-name-jenny/Deckname_Jenny_1080p_6MBit_F3.mp4",
    "trailerDurationSeconds": 6492,
    "fullContentType": "direct",
    "fullContentVideoId": "https://archive.org/download/code-name-jenny/Deckname_Jenny_1080p_6MBit_F3.mp4",
    "fullContentDurationSeconds": 6492,
    "thumbnailUrl": "https://archive.org/services/img/code-name-jenny",
    "likes": 0,
    "shares": 0,
    "reviews": 0,
    "averageRating": 0,
    "archiveId": "code-name-jenny",
    "fileSize": 646581741,
    "resolution": "854x480"
  },
  {
    "id": "the_great_dictator",
    "title": "大獨裁者(The Great Dictator)",
    "genre": "Drama",
    "synopsis": "<div>大獨裁者(The Great Dictator)</div><div><br /></div><div>片講述第一次世界大戰，托曼尼亞王國獨裁者辛格爾（差利·卓別靈飾）上檯。他的大肆擴張導致戰亂不斷民不聊生。並且他大搞陰謀政策，煽動民眾對猶太人的敵對與仇恨，讓猶太人民陷入水深火熱的災難之中。被徵入伍的猶太人理髮師查理（差利·卓別靈飾）更是在這樣的高壓政策下難逃一劫。當查理逃出邊境時，被駐守在這裡的軍隊誤認為是獨裁者辛格爾，他趁機做了一場“為自由而戰鬥”的大演說。 <br /><br />該片是差利·卓別靈的第一部有聲片，攝於希特勒統治最為黑暗的時期，片中對他辛辣諷刺跟醜化比比皆是。本",
    "year": "1940-10-15",
    "trailerType": "direct",
    "trailerVideoId": "https://archive.org/download/the_great_dictator/the_great_dictator.mp4",
    "trailerDurationSeconds": 7505,
    "fullContentType": "direct",
    "fullContentVideoId": "https://archive.org/download/the_great_dictator/the_great_dictator.mp4",
    "fullContentDurationSeconds": 7505,
    "thumbnailUrl": "https://archive.org/services/img/the_great_dictator",
    "likes": 0,
    "shares": 0,
    "reviews": 0,
    "averageRating": 0,
    "archiveId": "the_great_dictator",
    "fileSize": 1617499819,
    "resolution": "960x720"
  },
  {
    "id": "detour_1945",
    "title": "Detour (1945) [colorised, 4k, 60FPS]",
    "genre": "Drama",
    "synopsis": "<span style=\"color:rgb(44,44,44);font-family:'Helvetica Neue';font-size:13px;background-color:rgb(255,255,255);\">Detour is a 1945 black and white movie film which has been colorised, upscaled to 4K, and frames per second boosted to 60 FPS in 2021 using Artificial Intelligence (A.I) and Google Colab ",
    "year": "Unknown",
    "trailerType": "direct",
    "trailerVideoId": "https://archive.org/download/detour_1945/detour_4k.ia.mp4",
    "trailerDurationSeconds": 4145,
    "fullContentType": "direct",
    "fullContentVideoId": "https://archive.org/download/detour_1945/detour_4k.ia.mp4",
    "fullContentDurationSeconds": 4145,
    "thumbnailUrl": "https://archive.org/services/img/detour_1945",
    "likes": 0,
    "shares": 0,
    "reviews": 0,
    "averageRating": 0,
    "archiveId": "detour_1945",
    "fileSize": 2443038851,
    "resolution": "3527x2560"
  },
  {
    "id": "DOA1950",
    "title": "D.O.A. ( 1950)",
    "genre": "Drama",
    "synopsis": "NA",
    "year": "Unknown",
    "trailerType": "direct",
    "trailerVideoId": "https://archive.org/download/DOA1950/DOA%20(1950).mp4",
    "trailerDurationSeconds": 5005,
    "fullContentType": "direct",
    "fullContentVideoId": "https://archive.org/download/DOA1950/DOA%20(1950).mp4",
    "fullContentDurationSeconds": 5005,
    "thumbnailUrl": "https://archive.org/services/img/DOA1950",
    "likes": 0,
    "shares": 0,
    "reviews": 0,
    "averageRating": 0,
    "archiveId": "DOA1950",
    "fileSize": 999638629,
    "resolution": "640x480"
  },
  {
    "id": "abraham_lincoln",
    "title": "Abraham Lincoln",
    "genre": "Drama",
    "synopsis": "A biography of the beloved United States president by D. W. Griffith.\n\nYou can find more information regarding this film on <a href=\"http://www.imdb.com/title/tt0020620/\" rel=\"nofollow\">its IMDb page</a>.",
    "year": "1930",
    "trailerType": "direct",
    "trailerVideoId": "https://archive.org/download/abraham_lincoln/abraham_lincoln_512kb.mp4",
    "trailerDurationSeconds": 5079,
    "fullContentType": "direct",
    "fullContentVideoId": "https://archive.org/download/abraham_lincoln/abraham_lincoln_512kb.mp4",
    "fullContentDurationSeconds": 5079,
    "thumbnailUrl": "https://archive.org/services/img/abraham_lincoln",
    "likes": 0,
    "shares": 0,
    "reviews": 0,
    "averageRating": 0,
    "archiveId": "abraham_lincoln",
    "fileSize": 369303629,
    "resolution": "313x240"
  },
  {
    "id": "suddenly",
    "title": "Suddenly",
    "genre": "Drama",
    "synopsis": "\"Three gunmen, who have been hired to assassinate the President, hold a family hostage while waiting for their target. Interesting B film which focuses on psychopathic killer well-portrayed against type by Frank Sinatra.\" - noir expert Spencer Selby |\n\nCast: Frank Sinatra, Sterling Hayden, James Gle",
    "year": "1954",
    "trailerType": "direct",
    "trailerVideoId": "https://archive.org/download/suddenly/suddenly_512kb.mp4",
    "trailerDurationSeconds": 4533,
    "fullContentType": "direct",
    "fullContentVideoId": "https://archive.org/download/suddenly/suddenly_512kb.mp4",
    "fullContentDurationSeconds": 4533,
    "thumbnailUrl": "https://archive.org/services/img/suddenly",
    "likes": 0,
    "shares": 0,
    "reviews": 0,
    "averageRating": 0,
    "archiveId": "suddenly",
    "fileSize": 330518704,
    "resolution": "320x240"
  },
  {
    "id": "reefer_madness1938",
    "title": "Reefer Madness",
    "genre": "Drama",
    "synopsis": "<b>Considered THE archetypal sensationalized anti-drug movie, but it's really an exploitation film made to capitalize on the hot taboo subject of marijuana use.</b> Like many exploitation films of the time, \"Reefer Madness\" tried to make a quick buck off of a forbidden subject while skirting the Mot",
    "year": "1938",
    "trailerType": "direct",
    "trailerVideoId": "https://archive.org/download/reefer_madness1938/reefer_madness1938_512kb.mp4",
    "trailerDurationSeconds": 4097,
    "fullContentType": "direct",
    "fullContentVideoId": "https://archive.org/download/reefer_madness1938/reefer_madness1938_512kb.mp4",
    "fullContentDurationSeconds": 4097,
    "thumbnailUrl": "https://archive.org/services/img/reefer_madness1938",
    "likes": 0,
    "shares": 0,
    "reviews": 0,
    "averageRating": 0,
    "archiveId": "reefer_madness1938",
    "fileSize": 297710213,
    "resolution": "320x240"
  },
  {
    "id": "vals-im-bashir-2008",
    "title": "Vals Im Bashir ( 2008)",
    "genre": "Drama",
    "synopsis": "<span style=\"color:rgb(51,51,51);font-family:Arial, sans-serif;font-size:14px;background-color:rgb(255,255,255);\">Documental animado sobre la matanza de refugiados palestinos en Sabra y Chatila (Líbano) en 1982. Una noche, en un bar, un viejo amigo le cuenta a Folman una pesadilla recurrente en la q",
    "year": "2008-06-12",
    "trailerType": "direct",
    "trailerVideoId": "https://archive.org/download/vals-im-bashir-2008/Vals%20Im%20Bashir%20(2008).ia.mp4",
    "trailerDurationSeconds": 5423,
    "fullContentType": "direct",
    "fullContentVideoId": "https://archive.org/download/vals-im-bashir-2008/Vals%20Im%20Bashir%20(2008).ia.mp4",
    "fullContentDurationSeconds": 5423,
    "thumbnailUrl": "https://archive.org/services/img/vals-im-bashir-2008",
    "likes": 0,
    "shares": 0,
    "reviews": 0,
    "averageRating": 0,
    "archiveId": "vals-im-bashir-2008",
    "fileSize": 1851330389,
    "resolution": "1920x1080"
  },
  {
    "id": "animal-kingdom-david-michod-2010-spa",
    "title": "Animal Kingdom ( David Michôd, 2010) SPA",
    "genre": "Drama",
    "synopsis": "<span style=\"color:rgb(51,51,51);font-family:Arial, sans-serif;font-size:14px;background-color:rgb(255,255,255);\">Tras la muerte de su madre, Joshua “J” Cody, tiene que trasladarse a casa de su abuela Janine, que vive en Melbourne con sus tres hijos, Andrew, Darren y Craig, todos implicados en negoc",
    "year": "2010-02-02",
    "trailerType": "direct",
    "trailerVideoId": "https://archive.org/download/animal-kingdom-david-michod-2010-spa/Animal%20kingdom%20(David%20Mich%C3%B4d%2C%202010).ia.mp4",
    "trailerDurationSeconds": 6512,
    "fullContentType": "direct",
    "fullContentVideoId": "https://archive.org/download/animal-kingdom-david-michod-2010-spa/Animal%20kingdom%20(David%20Mich%C3%B4d%2C%202010).ia.mp4",
    "fullContentDurationSeconds": 6512,
    "thumbnailUrl": "https://archive.org/services/img/animal-kingdom-david-michod-2010-spa",
    "likes": 0,
    "shares": 0,
    "reviews": 0,
    "averageRating": 0,
    "archiveId": "animal-kingdom-david-michod-2010-spa",
    "fileSize": 1543019263,
    "resolution": "720x304"
  },
  {
    "id": "Sita_Sings_the_Blues",
    "title": "Sita Sings the Blues",
    "genre": "Animation",
    "synopsis": "Sita is a goddess separated from her beloved Lord and husband Rama. Nina is an animator whose husband moves to India, then dumps her by email. Three hilarious shadow puppets narrate both ancient tragedy and modern comedy in this beautifully animated interpretation of the Indian epic Ramayana. Set to",
    "year": "2008",
    "trailerType": "direct",
    "trailerVideoId": "https://archive.org/download/Sita_Sings_the_Blues/Sita_Sings_the_Blues_DVD_NTSC4.mp4",
    "trailerDurationSeconds": 105,
    "fullContentType": "direct",
    "fullContentVideoId": "https://archive.org/download/Sita_Sings_the_Blues/Sita_Sings_the_Blues_DVD_NTSC4.mp4",
    "fullContentDurationSeconds": 105,
    "thumbnailUrl": "https://archive.org/services/img/Sita_Sings_the_Blues",
    "likes": 0,
    "shares": 0,
    "reviews": 0,
    "averageRating": 0,
    "archiveId": "Sita_Sings_the_Blues",
    "fileSize": 10937777,
    "resolution": "640x360"
  },
  {
    "id": "ThisLandIsMine",
    "title": "This Land Is Mine",
    "genre": "Animation",
    "synopsis": "A brief history of Israel/Palestine/Canaan/The Levant.\nWho's-killing-who viewer's guide here: http://blog.ninapaley.com/2012/10/01/this-land-is-mine/\n\nMusic: The Exodus Song/This Land is Mine melody by Ernest Gold, lyrics by Pat Boone, sung by Andy Williams. Jazz instrumental (over end credits) by Q",
    "year": "2012",
    "trailerType": "direct",
    "trailerVideoId": "https://archive.org/download/ThisLandIsMine/TLIM_5_H264.mp4",
    "trailerDurationSeconds": 212,
    "fullContentType": "direct",
    "fullContentVideoId": "https://archive.org/download/ThisLandIsMine/TLIM_5_H264.mp4",
    "fullContentDurationSeconds": 212,
    "thumbnailUrl": "https://archive.org/services/img/ThisLandIsMine",
    "likes": 0,
    "shares": 0,
    "reviews": 0,
    "averageRating": 0,
    "archiveId": "ThisLandIsMine",
    "fileSize": 21949945,
    "resolution": "640x360"
  },
  {
    "id": "open-season_202209",
    "title": "Open Season (2007 DVD ISO)",
    "genre": "Animation",
    "synopsis": "Release Date: January 30, 2007<div>This is the 2007 DVD ISO by Sony Pictures Home Entertainment.</div>",
    "year": "2007-01-30",
    "trailerType": "direct",
    "trailerVideoId": "https://archive.org/download/open-season_202209/OPEN_SEASON18.mp4",
    "trailerDurationSeconds": 0,
    "fullContentType": "direct",
    "fullContentVideoId": "https://archive.org/download/open-season_202209/OPEN_SEASON18.mp4",
    "fullContentDurationSeconds": 0,
    "thumbnailUrl": "https://archive.org/services/img/open-season_202209",
    "likes": 0,
    "shares": 0,
    "reviews": 0,
    "averageRating": 0,
    "archiveId": "open-season_202209",
    "fileSize": 3532,
    "resolution": "852x480"
  },
  {
    "id": "thief-cobbler-91713-hd-h-264",
    "title": "The Thief and the Cobbler Recobbled Cut Mk4",
    "genre": "Animation",
    "synopsis": "<div><font color=\"#333333\" face=\"Lucida Grande, Trebuchet MS, Verdana, Helvetica, Arial, sans-serif\"><span style=\"font-size:14.3px;\">It is written among the limitless constellations of the celestial heavens, and in the depths of the emerald seas, and upon every grain of sand in the vast deserts, tha",
    "year": "2013-09-17",
    "trailerType": "direct",
    "trailerVideoId": "https://archive.org/download/thief-cobbler-91713-hd-h-264/ThiefCobbler-91713-HD-H264.mp4",
    "trailerDurationSeconds": 5983,
    "fullContentType": "direct",
    "fullContentVideoId": "https://archive.org/download/thief-cobbler-91713-hd-h-264/ThiefCobbler-91713-HD-H264.mp4",
    "fullContentDurationSeconds": 5983,
    "thumbnailUrl": "https://archive.org/services/img/thief-cobbler-91713-hd-h-264",
    "likes": 0,
    "shares": 0,
    "reviews": 0,
    "averageRating": 0,
    "archiveId": "thief-cobbler-91713-hd-h-264",
    "fileSize": 602502374,
    "resolution": "853x480"
  },
  {
    "id": "midoridvd",
    "title": "Midori (少女椿) International DVD",
    "genre": "Animation",
    "synopsis": "<div>This is the Region 2 PAL DVD release of 地下幻燈劇画 少女椿 / MIDORI (1992) by Cine Malta. Contains French, English, Spanish, Italian, and German subtitles, and an interview with director/animator Hiroshi Harada.<br /></div>",
    "year": "2006-05-18",
    "trailerType": "direct",
    "trailerVideoId": "https://archive.org/download/midoridvd/midori2.mp4",
    "trailerDurationSeconds": 1055,
    "fullContentType": "direct",
    "fullContentVideoId": "https://archive.org/download/midoridvd/midori2.mp4",
    "fullContentDurationSeconds": 1055,
    "thumbnailUrl": "https://archive.org/services/img/midoridvd",
    "likes": 0,
    "shares": 0,
    "reviews": 0,
    "averageRating": 0,
    "archiveId": "midoridvd",
    "fileSize": 103659156,
    "resolution": "640x480"
  },
  {
    "id": "The_Pied_Piper_of_Hamelin",
    "title": "The Pied Piper of Hamelin",
    "genre": "Family",
    "synopsis": "Stars Van Johnson, Claude Rains, Jim Backus\n\nTagline:\n\"Now! a giant color spectacle! from the pages of the immortal classics comes this famous story\"\n\nInformation regarding this film on <a href=\"http://www.imdb.com/title/tt0050842/\" rel=\"nofollow\">its IMDb page</a>.\n\nMore information on <a href=\"htt",
    "year": "1957",
    "trailerType": "direct",
    "trailerVideoId": "https://archive.org/download/The_Pied_Piper_of_Hamelin/pied_512kb.mp4",
    "trailerDurationSeconds": 1392,
    "fullContentType": "direct",
    "fullContentVideoId": "https://archive.org/download/The_Pied_Piper_of_Hamelin/pied_512kb.mp4",
    "fullContentDurationSeconds": 1392,
    "thumbnailUrl": "https://archive.org/services/img/The_Pied_Piper_of_Hamelin",
    "likes": 0,
    "shares": 0,
    "reviews": 0,
    "averageRating": 0,
    "archiveId": "The_Pied_Piper_of_Hamelin",
    "fileSize": 101120291,
    "resolution": "360x240"
  },
  {
    "id": "dressed_to_kill",
    "title": "Dressed To Kill",
    "genre": "Mystery",
    "synopsis": "Aka 'Sherlock Holmes in Dressed To Kill' - features Basil Rathbone as Sherlock Holmes.\n\nYou can find more information regarding this film on <a href=\"http://www.imdb.com/title/tt0038494/\" rel=\"nofollow\">its IMDb page</a>.",
    "year": "1946",
    "trailerType": "direct",
    "trailerVideoId": "https://archive.org/download/dressed_to_kill/dressed_to_kill_512kb.mp4",
    "trailerDurationSeconds": 4290,
    "fullContentType": "direct",
    "fullContentVideoId": "https://archive.org/download/dressed_to_kill/dressed_to_kill_512kb.mp4",
    "fullContentDurationSeconds": 4290,
    "thumbnailUrl": "https://archive.org/services/img/dressed_to_kill",
    "likes": 0,
    "shares": 0,
    "reviews": 0,
    "averageRating": 0,
    "archiveId": "dressed_to_kill",
    "fileSize": 311813650,
    "resolution": "313x240"
  },
  {
    "id": "youtube-oULO3i5Xra0",
    "title": "DPRK: The Land Of Whispers (North Korea Travel Documentary) (2013)",
    "genre": "Documentary",
    "synopsis": "North Korea lies somewhere between a 1930′s Soviet Union frozen in time and a dark, futuristic vision of society... as imagined back in the 70′s.\n\n\"Land of Whispers\" invites you to visit arguably the most unique and isolated travel destination in the world - not to criticize, but to observe and list",
    "year": "2013",
    "trailerType": "direct",
    "trailerVideoId": "https://archive.org/download/youtube-oULO3i5Xra0/DPRK_-_The_Land_Of_Whispers_North_Korea_Travel_Documentary_2013-oULO3i5Xra0.mp4",
    "trailerDurationSeconds": 3492,
    "fullContentType": "direct",
    "fullContentVideoId": "https://archive.org/download/youtube-oULO3i5Xra0/DPRK_-_The_Land_Of_Whispers_North_Korea_Travel_Documentary_2013-oULO3i5Xra0.mp4",
    "fullContentDurationSeconds": 3492,
    "thumbnailUrl": "https://archive.org/services/img/youtube-oULO3i5Xra0",
    "likes": 0,
    "shares": 0,
    "reviews": 0,
    "averageRating": 0,
    "archiveId": "youtube-oULO3i5Xra0",
    "fileSize": 362805185,
    "resolution": "640x360"
  },
  {
    "id": "20100726-united-we-fall",
    "title": "United We Fall",
    "genre": "Documentary",
    "synopsis": "A film by Bryan Law and Dan Dicks “United We Fall” is a documentary about the North American Union that is being developed right now between Canada, the United States, and Mexico. For years this topic has been debated in the news and in political circles as being a possible future for North America.",
    "year": "2010",
    "trailerType": "direct",
    "trailerVideoId": "https://archive.org/download/20100726-united-we-fall/20100726_United-We-Fall_1920x1080.ia.mp4",
    "trailerDurationSeconds": 7390,
    "fullContentType": "direct",
    "fullContentVideoId": "https://archive.org/download/20100726-united-we-fall/20100726_United-We-Fall_1920x1080.ia.mp4",
    "fullContentDurationSeconds": 7390,
    "thumbnailUrl": "https://archive.org/services/img/20100726-united-we-fall",
    "likes": 0,
    "shares": 0,
    "reviews": 0,
    "averageRating": 0,
    "archiveId": "20100726-united-we-fall",
    "fileSize": 725056511,
    "resolution": "854x480"
  }
]